januari,februari,maret,april,mei,juni,juli,agustus,september,oktober,november,desember,latitude,longitude,kota
0,0,0,0,1,0,0,0,0,0,0,0,2.77307,96.5844,Simeulue
0,0,0,0,1,0,0,0,0,0,0,0,2.9129,96.63406,Simeulue
0,0,0,0,0,0,0,0,1,0,0,0,2.67711,96.58451,Simeulue
0,0,0,0,0,0,0,0,0,0,1,0,2.65752,96.83646,Simeulue
0,0,0,0,0,0,0,0,0,1,0,0,2.67379,96.37192,Simeulue
0,0,0,0,0,0,0,0,0,1,0,0,2.99489,96.52053,Simeulue
0,0,1,0,0,0,0,0,0,0,0,0,2.97921,96.70947,Simeulue
0,0,1,0,0,0,0,0,0,0,0,0,2.71496,96.36208,Simeulue
0,0,0,0,0,0,0,0,0,1,0,0,2.76831,96.37344,Simeulue
0,0,0,0,0,0,0,0,0,1,0,0,2.5595075,96.1473964,Simeulue
0,0,0,0,0,0,0,0,0,1,0,0,2.6439724,96.0255738,Simeulue
0,0,0,0,0,0,0,0,0,1,0,0,2.4525749,96.3784598,Simeulue
0,0,0,0,0,0,0,0,1,0,0,0,2.72372,96.94814,Simeulue
0,0,0,0,0,0,0,0,1,0,0,0,2.629638,96.095768,Simeulue
0,0,0,0,0,0,1,0,0,0,0,0,2.74685,96.96068,Simeulue
0,0,1,0,0,0,0,0,0,0,0,0,2.6995889,95.7668515,Simeulue
0,1,0,0,0,0,0,0,0,0,0,0,2.8915,96.33386,Simeulue
0,0,0,0,0,0,0,1,0,0,0,0,2.82428,96.65139,Simeulue
0,0,0,1,0,0,0,0,0,0,0,0,2.93586,96.20363,Simeulue
0,0,0,0,0,0,0,0,0,0,1,0,2.98512,97.95418,Aceh Singkil
0,0,0,0,0,0,0,0,0,0,0,1,2.87595,97.96585,Aceh Singkil
0,0,0,0,0,0,0,0,0,1,0,0,2.87958,97.93102,Aceh Singkil
0,0,0,0,0,0,0,0,0,0,1,0,2.95566,97.97013,Aceh Singkil
0,0,0,0,0,0,0,0,0,1,0,0,2.80356,97.93614,Aceh Singkil
0,1,0,0,0,0,0,0,0,0,0,0,2.67923,97.97842,Aceh Singkil
0,0,0,0,0,0,0,0,0,0,1,0,2.53309,97.9461,Aceh Singkil
0,0,0,0,0,0,0,0,0,0,1,0,2.73191,97.97337,Aceh Singkil
0,0,0,0,0,0,0,0,0,0,1,0,2.73465,97.99347,Aceh Singkil
0,0,0,0,1,0,0,0,0,0,0,0,2.83119,97.93856,Aceh Singkil
0,0,0,0,0,0,0,0,0,0,1,0,2.95906,97.93249,Aceh Singkil
0,0,0,0,0,0,0,0,0,0,0,1,2.843,97.93315,Aceh Singkil
0,0,0,0,0,0,0,0,0,0,1,0,2.77194,97.99098,Aceh Singkil
0,0,0,0,0,0,0,0,0,0,1,0,2.88749,97.98403,Aceh Singkil
0,0,0,0,0,0,0,0,0,0,1,0,2.86488,97.96093,Aceh Singkil
0,0,0,0,0,1,0,0,0,0,0,0,2.7156,97.94759,Aceh Singkil
1,0,0,0,0,0,0,0,0,0,0,0,2.79104,97.98889,Aceh Singkil
0,0,0,0,0,0,0,0,0,0,1,0,2.386777,97.930524,Aceh Singkil
0,0,0,0,0,0,0,0,0,0,1,0,2.82521,97.96551,Aceh Singkil
0,1,0,0,0,0,0,0,0,0,0,0,2.43487,97.97821,Aceh Singkil
0,0,0,0,0,0,0,0,0,0,1,0,2.74283,97.969,Aceh Singkil
0,0,0,0,0,0,0,0,0,1,0,0,2.90546,97.9912,Aceh Singkil
0,0,0,1,0,0,0,0,0,0,0,0,4.22635751,96.90967203,Aceh Singkil
0,0,0,0,0,0,0,0,0,0,0,1,2.71887,97.94776,Aceh Singkil
0,0,0,0,0,0,0,0,0,1,0,0,2.89873,97.97267,Aceh Singkil
0,0,0,0,0,0,0,0,0,1,0,0,2.386777,97.930524,Aceh Singkil
0,0,0,0,0,0,0,0,0,1,0,0,2.5295869,98.0083414,Aceh Singkil
0,0,0,0,0,0,0,0,0,0,0,1,2.66462,97.9371,Aceh Singkil
0,0,0,0,0,0,0,0,0,0,1,0,2.95225,97.94852,Aceh Singkil
0,0,0,0,0,0,0,0,0,0,1,0,2.44805,97.98285,Aceh Singkil
0,0,0,0,0,0,0,0,1,0,0,0,2.3939,97.98204,Aceh Singkil
0,0,0,0,0,0,0,0,1,0,0,0,2.57535,97.93696,Aceh Singkil
1,0,0,0,0,0,0,0,0,0,0,0,2.6473,97.99653,Aceh Singkil
0,0,0,0,1,0,0,0,0,0,0,0,2.53772,97.94059,Aceh Singkil
0,0,0,0,1,0,0,0,0,0,0,0,3.21551,97.70452,Aceh Selatan
0,0,0,0,0,0,0,0,0,0,1,0,3.26262,97.57267,Aceh Selatan
0,0,0,0,0,0,0,0,0,0,0,1,3.75996,97.85631,Aceh Selatan
0,0,0,0,0,0,0,0,0,0,1,0,3.6271,97.6202,Aceh Selatan
0,0,0,0,0,0,0,0,0,1,0,0,3.59175,97.55646,Aceh Selatan
0,0,0,0,0,0,0,1,0,0,0,0,3.76592,97.66802,Aceh Selatan
0,0,1,0,0,0,0,0,0,0,0,0,3.16775,97.64165,Aceh Selatan
1,0,0,0,0,0,0,0,0,0,0,0,3.4962,97.62478,Aceh Selatan
0,0,0,0,0,0,0,0,0,0,1,0,3.1802,97.51912,Aceh Selatan
0,0,0,0,0,0,0,0,0,1,0,0,3.58539,97.57102,Aceh Selatan
0,0,0,0,0,0,0,0,1,0,0,0,3.9266,97.88775,Aceh Selatan
0,0,0,0,1,0,0,0,0,0,0,0,3.24568,97.77925,Aceh Selatan
0,0,0,0,0,0,1,0,0,0,0,0,3.16333,97.69744,Aceh Selatan
0,0,0,0,1,0,0,0,0,0,0,0,3.46223,97.46529,Aceh Selatan
0,0,0,1,0,0,0,0,0,0,0,0,3.45872,97.68127,Aceh Selatan
0,0,0,0,0,0,0,0,0,0,1,0,3.9229,97.9686,Aceh Selatan
0,0,0,0,0,0,0,0,0,0,0,1,3.57382,97.80691,Aceh Selatan
0,0,0,0,0,0,0,0,0,0,1,0,3.78942,97.92196,Aceh Selatan
0,0,0,0,0,0,0,0,0,1,0,0,3.24131,97.6797,Aceh Selatan
0,0,0,0,0,0,0,0,0,1,0,0,3.90551,97.84342,Aceh Selatan
0,0,1,0,0,0,0,0,0,0,0,0,3.9525,97.91284,Aceh Selatan
1,0,0,0,0,0,0,0,0,0,0,0,3.67384,97.44328,Aceh Selatan
0,0,0,0,0,0,0,0,0,1,0,0,3.97383,97.67963,Aceh Selatan
0,0,0,0,0,0,0,0,0,0,1,0,3.62003,97.58802,Aceh Selatan
0,1,0,0,0,0,0,0,0,0,0,0,3.70029,97.59612,Aceh Selatan
0,1,0,0,0,0,0,0,0,0,0,0,3.92848,97.62816,Aceh Selatan
0,0,0,0,1,0,0,0,0,0,0,0,3.66538,97.43699,Aceh Selatan
0,0,0,0,0,0,0,0,0,0,0,1,3.94457,97.58852,Aceh Selatan
0,0,0,0,0,0,0,0,0,0,1,0,3.53396,97.89853,Aceh Selatan
0,0,0,0,0,0,0,0,0,0,1,0,3.52432,97.75852,Aceh Selatan
0,0,0,0,0,0,0,0,0,1,0,0,3.57327,97.71871,Aceh Selatan
0,0,0,0,0,0,0,0,0,1,0,0,3.4436,97.48872,Aceh Selatan
0,0,0,0,0,0,0,0,0,1,0,0,3.88832,97.77769,Aceh Selatan
0,0,0,0,0,0,0,0,1,0,0,0,3.27954,97.56031,Aceh Selatan
0,0,0,1,0,0,0,0,0,0,0,0,3.79985,97.71775,Aceh Selatan
0,0,0,0,0,0,0,0,0,0,0,1,3.97276,97.68987,Aceh Selatan
0,0,0,0,0,0,0,0,0,0,1,0,3.84359,97.63935,Aceh Selatan
0,0,0,0,0,0,0,0,0,1,0,0,3.69423,97.47425,Aceh Selatan
0,0,0,0,0,0,0,1,0,0,0,0,3.13751,97.7786,Aceh Selatan
0,0,0,0,0,1,0,0,0,0,0,0,3.22667,97.42915,Aceh Selatan
0,0,0,0,0,0,1,0,0,0,0,0,3.74459,97.46446,Aceh Selatan
0,0,0,0,0,0,1,0,0,0,0,0,3.82096,97.47454,Aceh Selatan
0,0,0,0,1,0,0,0,0,0,0,0,3.58913,97.79853,Aceh Selatan
0,0,0,0,1,0,0,0,0,0,0,0,3.37888,97.6499,Aceh Selatan
0,0,0,0,0,0,0,0,0,0,0,1,3.83072,97.62989,Aceh Selatan
0,0,0,0,0,0,0,0,0,0,1,0,3.46022,97.72108,Aceh Selatan
0,0,0,1,0,0,0,0,0,0,0,0,3.69603,97.76207,Aceh Selatan
1,0,0,0,0,0,0,0,0,0,0,0,3.89887,97.68614,Aceh Selatan
0,0,0,0,0,0,0,0,0,0,0,1,3.84993,97.86265,Aceh Selatan
0,0,0,0,0,0,0,0,0,0,0,1,3.20116,97.51333,Aceh Selatan
0,0,0,0,0,0,0,0,0,1,0,0,3.76452,97.78999,Aceh Selatan
0,0,0,0,0,0,0,0,0,1,0,0,3.21713,97.8775,Aceh Selatan
0,0,0,0,0,0,0,0,0,1,0,0,2.906928685,97.66074138,Aceh Selatan
0,0,0,0,0,0,0,0,0,1,0,0,3.070008,97.424192,Aceh Selatan
0,0,0,0,0,0,0,0,0,1,0,0,3.256542656,97.17816243,Aceh Selatan
0,0,0,0,0,0,0,0,1,0,0,0,3.50883,97.86844,Aceh Selatan
0,0,0,1,0,0,0,0,0,0,0,0,3.64013,97.56186,Aceh Selatan
0,0,1,0,0,0,0,0,0,0,0,0,3.7312,97.71845,Aceh Selatan
0,0,1,0,0,0,0,0,0,0,0,0,3.49064,97.58013,Aceh Selatan
0,0,1,0,0,0,0,0,0,0,0,0,3.67743,97.55225,Aceh Selatan
0,1,0,0,0,0,0,0,0,0,0,0,3.48426,97.61885,Aceh Selatan
0,0,0,0,0,0,0,0,0,0,1,0,3.7573,97.67455,Aceh Selatan
0,0,0,0,0,0,0,0,0,1,0,0,3.72553,97.54481,Aceh Selatan
0,0,0,0,0,0,0,0,1,0,0,0,3.2299,97.43166,Aceh Selatan
0,0,0,0,0,0,0,1,0,0,0,0,3.69818,97.60766,Aceh Selatan
0,0,0,0,0,0,0,1,0,0,0,0,2.878075,97.7742702,Aceh Selatan
0,0,0,0,0,0,1,0,0,0,0,0,3.58914,97.72334,Aceh Selatan
0,0,0,1,0,0,0,0,0,0,0,0,3.45451,97.64079,Aceh Selatan
0,0,1,0,0,0,0,0,0,0,0,0,3.2145877,97.2949631,Aceh Selatan
0,1,0,0,0,0,0,0,0,0,0,0,3.0483578,97.5761878,Aceh Selatan
0,0,0,0,0,0,0,0,0,0,0,1,3.45331,97.97592,Aceh Selatan
0,0,0,0,0,0,0,0,0,0,1,0,3.57834,97.78103,Aceh Selatan
0,0,0,0,0,0,0,0,0,0,1,0,3.87334,97.46177,Aceh Selatan
0,0,0,0,0,0,0,0,0,0,1,0,3.62901,97.70297,Aceh Selatan
0,0,0,0,0,0,0,1,0,0,0,0,3.69511,97.90931,Aceh Selatan
0,0,0,0,0,0,1,0,0,0,0,0,3.56757,97.64527,Aceh Selatan
0,0,0,0,1,0,0,0,0,0,0,0,3.82543,97.48662,Aceh Selatan
0,0,0,0,1,0,0,0,0,0,0,0,3.37339,97.56359,Aceh Selatan
0,0,0,1,0,0,0,0,0,0,0,0,3.57514,97.74743,Aceh Selatan
1,0,0,0,0,0,0,0,0,0,0,0,3.65394,97.73812,Aceh Selatan
1,0,0,0,0,0,0,0,0,0,0,0,3.90589,97.60855,Aceh Selatan
0,0,0,0,0,0,1,0,0,0,0,0,3.99247,97.95827,Aceh Selatan
0,0,0,0,1,0,0,0,0,0,0,0,3.95937,97.90724,Aceh Selatan
0,0,1,0,0,0,0,0,0,0,0,0,3.50126,97.59555,Aceh Selatan
1,0,0,0,0,0,0,0,0,0,0,0,3.69141,97.54959,Aceh Selatan
1,0,0,0,0,0,0,0,0,0,0,0,3.97649,97.58792,Aceh Selatan
1,0,0,0,0,0,0,0,0,0,0,0,3.61037,97.8991,Aceh Selatan
0,0,0,0,0,0,0,0,0,1,0,0,3.38816,97.89966,Aceh Tenggara
0,0,0,1,0,0,0,0,0,0,0,0,3.92793,97.89192,Aceh Tenggara
0,0,1,0,0,0,0,0,0,0,0,0,3.36405,97.84063,Aceh Tenggara
1,0,0,0,0,0,0,0,0,0,0,0,3.36704,97.88113,Aceh Tenggara
0,0,0,0,0,0,0,0,0,0,1,0,3.33841,97.88935,Aceh Tenggara
0,0,0,0,0,0,1,0,0,0,0,0,3.35299,97.88728,Aceh Tenggara
1,0,0,0,0,0,0,0,0,0,0,0,3.83887,97.81623,Aceh Tenggara
0,0,0,0,0,0,0,0,0,0,0,1,3.50393,97.67223,Aceh Tenggara
0,0,0,0,0,0,0,1,0,0,0,0,3.75073,97.96276,Aceh Tenggara
0,0,0,0,0,0,0,0,0,0,0,1,3.62936,97.84576,Aceh Tenggara
0,0,0,0,0,0,0,1,0,0,0,0,3.49991,97.98099,Aceh Tenggara
0,0,0,1,0,0,0,0,0,0,0,0,3.48108,97.84017,Aceh Tenggara
0,0,0,1,0,0,0,0,0,0,0,0,3.86425,97.88584,Aceh Tenggara
1,0,0,0,0,0,0,0,0,0,0,0,3.73788,97.84161,Aceh Tenggara
0,0,0,0,0,0,0,0,0,1,0,0,3.68639,97.77571,Aceh Tenggara
0,0,0,0,0,0,0,0,0,1,0,0,3.72582,97.7243,Aceh Tenggara
0,0,0,0,0,0,0,0,1,0,0,0,3.94785,97.67474,Aceh Tenggara
0,0,0,1,0,0,0,0,0,0,0,0,3.56889,97.69787,Aceh Tenggara
0,0,0,1,0,0,0,0,0,0,0,0,3.35894,97.91838,Aceh Tenggara
0,0,0,0,0,0,0,0,0,0,0,1,3.97169,97.69463,Aceh Tenggara
0,0,0,0,0,0,0,0,0,0,1,0,3.35539,97.81401,Aceh Tenggara
0,0,0,0,0,0,0,0,0,1,0,0,3.79991,97.96088,Aceh Tenggara
0,0,0,0,1,0,0,0,0,0,0,0,3.39649,97.7443,Aceh Tenggara
1,0,0,0,0,0,0,0,0,0,0,0,3.39707,97.63783,Aceh Tenggara
0,0,0,0,0,0,0,0,0,0,0,1,3.42319,97.63348,Aceh Tenggara
0,1,0,0,0,0,0,0,0,0,0,0,3.85365,97.75564,Aceh Tenggara
0,0,0,0,0,0,0,0,0,0,0,1,3.50104,97.73808,Aceh Tenggara
0,0,0,0,0,1,0,0,0,0,0,0,3.4572293,97.8292638,Aceh Tenggara
0,0,0,0,0,1,0,0,0,0,0,0,3.73075,97.6484,Aceh Tenggara
0,0,0,1,0,0,0,0,0,0,0,0,3.81058,97.97731,Aceh Tenggara
0,0,0,1,0,0,0,0,0,0,0,0,3.56105,97.64614,Aceh Tenggara
0,0,0,1,0,0,0,0,0,0,0,0,3.75204,97.94012,Aceh Tenggara
0,0,1,0,0,0,0,0,0,0,0,0,3.75386,97.84024,Aceh Tenggara
0,0,1,0,0,0,0,0,0,0,0,0,3.64551,97.64177,Aceh Tenggara
0,1,0,0,0,0,0,0,0,0,0,0,3.93665,97.98746,Aceh Tenggara
0,0,0,0,0,0,0,0,0,0,0,1,3.63292,97.97882,Aceh Tenggara
0,0,0,0,0,0,0,0,0,0,0,1,3.75263,97.63605,Aceh Tenggara
0,0,0,0,0,0,0,0,0,0,0,1,3.41903,97.97689,Aceh Tenggara
0,0,0,0,0,0,0,0,0,0,0,1,3.65563,97.89469,Aceh Tenggara
0,0,0,0,0,0,0,0,0,0,1,0,3.76266,97.78438,Aceh Tenggara
0,0,0,0,0,0,0,0,0,0,1,0,3.58186,97.91089,Aceh Tenggara
0,0,0,0,0,0,0,0,0,0,1,0,3.36351,97.626,Aceh Tenggara
0,0,0,0,0,0,0,0,0,0,1,0,3.49675,97.82846,Aceh Tenggara
0,0,0,0,0,0,0,0,0,0,1,0,3.995,97.67492,Aceh Tenggara
0,0,0,0,0,0,0,0,1,0,0,0,3.46851,97.68525,Aceh Tenggara
0,0,0,0,0,0,1,0,0,0,0,0,3.49442,97.89583,Aceh Tenggara
1,0,0,0,0,0,0,0,0,0,0,0,3.51877,97.79655,Aceh Tenggara
0,0,0,0,0,0,0,0,0,0,0,1,3.666,97.79639,Aceh Tenggara
0,0,0,0,0,0,0,0,0,0,1,0,3.8941,97.90509,Aceh Tenggara
0,0,0,0,0,0,0,0,0,0,1,0,3.65434,97.70838,Aceh Tenggara
0,0,0,0,0,0,0,0,0,0,1,0,3.69596,97.72856,Aceh Tenggara
0,0,0,0,1,0,0,0,0,0,0,0,3.79637,97.98762,Aceh Tenggara
0,0,1,0,0,0,0,0,0,0,0,0,3.4041015,97.8932512,Aceh Tenggara
1,0,0,0,0,0,0,0,0,0,0,0,3.5781694,97.8177601,Aceh Tenggara
0,0,0,0,0,0,0,0,0,0,0,1,3.47524,97.66624,Aceh Tenggara
0,0,0,0,0,0,0,0,0,0,0,1,3.93522,97.73993,Aceh Tenggara
0,0,0,0,0,0,0,0,0,0,1,0,3.62203,97.93658,Aceh Tenggara
0,0,0,0,0,0,0,0,0,0,1,0,3.9998,97.66358,Aceh Tenggara
0,0,0,0,1,0,0,0,0,0,0,0,3.8541,97.70282,Aceh Tenggara
0,0,0,0,1,0,0,0,0,0,0,0,3.76725,97.61881,Aceh Tenggara
0,0,0,1,0,0,0,0,0,0,0,0,3.83619,97.62517,Aceh Tenggara
0,0,0,1,0,0,0,0,0,0,0,0,3.48537,97.6949,Aceh Tenggara
0,0,0,0,0,1,0,0,0,0,0,0,3.93091,97.79989,Aceh Tenggara
0,0,0,0,1,0,0,0,0,0,0,0,3.45876,97.65607,Aceh Tenggara
0,0,0,0,1,0,0,0,0,0,0,0,3.54979,97.79959,Aceh Tenggara
0,0,0,0,0,0,0,0,0,1,0,0,4.94149,97.65275,Aceh Timur
0,0,0,0,0,0,1,0,0,0,0,0,4.89568,97.70391,Aceh Timur
0,0,0,1,0,0,0,0,0,0,0,0,4.77556,97.90212,Aceh Timur
0,0,0,0,0,1,0,0,0,0,0,0,4.98977,97.84952,Aceh Timur
1,0,0,0,0,0,0,0,0,0,0,0,4.95324,97.96643,Aceh Timur
0,0,0,0,0,0,0,0,0,0,0,1,4.93314,97.79593,Aceh Timur
1,0,0,0,0,0,0,0,0,0,0,0,4.79624,97.90625,Aceh Timur
0,0,0,0,0,0,0,0,0,0,0,1,4.7556,97.64527,Aceh Timur
1,0,0,0,0,0,0,0,0,0,0,0,4.81065,97.69901,Aceh Timur
0,0,0,0,0,0,0,0,0,0,0,1,4.79747,97.94297,Aceh Timur
0,0,0,0,0,0,0,0,0,0,0,1,4.96261,97.72864,Aceh Timur
0,0,0,0,0,0,0,0,0,0,1,0,4.94489,97.89163,Aceh Timur
0,0,0,0,0,0,0,0,0,0,1,0,4.75936,97.67371,Aceh Timur
0,0,0,0,1,0,0,0,0,0,0,0,4.93065,97.72095,Aceh Timur
1,0,0,0,0,0,0,0,0,0,0,0,4.84396,97.90104,Aceh Timur
0,0,0,0,0,0,0,0,0,0,1,0,4.85962,97.97872,Aceh Timur
0,0,0,0,0,0,0,0,1,0,0,0,4.86993,97.89926,Aceh Timur
0,0,0,0,1,0,0,0,0,0,0,0,4.95961,97.86893,Aceh Timur
1,0,0,0,0,0,0,0,0,0,0,0,4.87983,97.64039,Aceh Timur
0,0,0,0,0,0,0,0,0,0,0,1,4.99347,97.68303,Aceh Timur
0,0,0,0,0,0,0,0,0,0,0,1,4.70747,97.97472,Aceh Timur
0,0,0,0,0,0,0,0,0,0,0,1,4.72597,97.77439,Aceh Timur
0,0,0,0,0,0,0,0,0,0,0,1,4.71291,97.96522,Aceh Timur
0,0,0,0,0,0,0,1,0,0,0,0,4.86023,97.83495,Aceh Timur
0,0,0,0,1,0,0,0,0,0,0,0,4.7976,97.76565,Aceh Timur
0,1,0,0,0,0,0,0,0,0,0,0,4.91086,97.69318,Aceh Timur
0,0,0,0,0,0,0,0,0,0,0,1,4.96583,97.95089,Aceh Timur
0,0,0,0,0,0,0,0,0,1,0,0,4.70394,97.85893,Aceh Timur
0,0,0,0,0,0,0,0,0,1,0,0,4.81144,97.81242,Aceh Timur
0,0,0,0,0,0,0,0,1,0,0,0,4.84327,97.9737,Aceh Timur
0,1,0,0,0,0,0,0,0,0,0,0,4.84361,97.71552,Aceh Timur
0,0,0,0,0,0,0,0,0,0,0,1,4.82858,97.88388,Aceh Timur
0,0,0,0,0,0,0,0,0,0,0,1,4.78426,97.92762,Aceh Timur
0,0,0,0,0,0,0,1,0,0,0,0,4.930357,97.785948,Aceh Timur
0,0,0,1,0,0,0,0,0,0,0,0,4.77428,97.74882,Aceh Timur
1,0,0,0,0,0,0,0,0,0,0,0,4.87836,97.9955,Aceh Timur
0,0,0,0,0,0,0,0,0,1,0,0,4.95411,97.96262,Aceh Timur
1,0,0,0,0,0,0,0,0,0,0,0,4.84269,97.9173,Aceh Timur
0,0,0,0,0,0,0,0,0,0,0,1,4.76345,97.8237,Aceh Timur
0,0,0,0,0,0,0,0,0,0,0,1,4.76907,97.86387,Aceh Timur
0,0,0,0,0,0,0,0,0,0,0,1,4.70812,97.95088,Aceh Timur
0,0,0,0,0,0,0,0,0,0,0,1,4.82952,97.99172,Aceh Timur
0,0,0,0,0,0,0,0,0,0,0,1,4.96374,97.80954,Aceh Timur
0,0,0,0,0,0,0,0,0,0,1,0,4.98216,97.65047,Aceh Timur
0,0,0,0,0,0,0,0,0,0,0,1,4.92805,97.75076,Aceh Timur
0,0,0,0,0,0,0,0,0,1,0,0,4.92965,97.88023,Aceh Timur
0,0,0,0,0,0,0,0,1,0,0,0,4.95695,97.92675,Aceh Timur
0,0,0,0,0,0,1,0,0,0,0,0,4.89487,97.86204,Aceh Timur
0,0,0,0,0,0,1,0,0,0,0,0,4.85032,97.95685,Aceh Timur
0,0,0,0,0,0,1,0,0,0,0,0,4.95591,97.7902,Aceh Timur
0,0,0,0,0,1,0,0,0,0,0,0,4.76141,97.83703,Aceh Timur
0,0,0,0,0,1,0,0,0,0,0,0,4.94959,97.99356,Aceh Timur
0,0,0,0,0,1,0,0,0,0,0,0,4.84232,97.89266,Aceh Timur
0,0,0,0,1,0,0,0,0,0,0,0,4.82448,97.67055,Aceh Timur
0,0,0,0,1,0,0,0,0,0,0,0,4.91825,97.66606,Aceh Timur
1,0,0,0,0,0,0,0,0,0,0,0,4.75215,97.74476,Aceh Timur
1,0,0,0,0,0,0,0,0,0,0,0,4.93327,97.65856,Aceh Timur
1,0,0,0,0,0,0,0,0,0,0,0,4.70886,97.70173,Aceh Timur
1,0,0,0,0,0,0,0,0,0,0,0,4.81781,97.91353,Aceh Timur
0,0,0,0,0,0,0,0,0,0,0,1,4.59107,96.9226,Aceh Tengah
1,0,0,0,0,0,0,0,0,0,0,0,4.66539,96.93175,Aceh Tengah
0,0,0,1,0,0,0,0,0,0,0,0,4.86641,96.82322,Aceh Tengah
0,0,1,0,0,0,0,0,0,0,0,0,4.87059,96.84267,Aceh Tengah
0,0,0,1,0,0,0,0,0,0,0,0,4.94082,96.9149,Aceh Tengah
0,0,1,0,0,0,0,0,0,0,0,0,4.66365,96.9467,Aceh Tengah
0,0,0,0,0,0,0,0,0,1,0,0,4.8984,96.98282,Aceh Tengah
0,0,0,0,1,0,0,0,0,0,0,0,4.78801,96.8214,Aceh Tengah
0,0,0,0,0,0,0,0,0,1,0,0,4.87046,96.89844,Aceh Tengah
0,0,0,1,0,0,0,0,0,0,0,0,4.83318,96.89336,Aceh Tengah
0,0,0,0,0,0,0,0,1,0,0,0,4.63284,96.95406,Aceh Tengah
0,0,0,0,0,0,0,1,0,0,0,0,4.66769,96.96183,Aceh Tengah
0,0,1,0,0,0,0,0,0,0,0,0,4.80232,96.8471,Aceh Tengah
0,1,0,0,0,0,0,0,0,0,0,0,4.99335,96.81764,Aceh Tengah
0,0,0,0,0,0,0,0,0,0,1,0,4.75688,96.9325,Aceh Tengah
0,0,0,1,0,0,0,0,0,0,0,0,4.93971,96.82115,Aceh Tengah
0,0,0,1,0,0,0,0,0,0,0,0,4.97899,96.8434,Aceh Tengah
0,0,1,0,0,0,0,0,0,0,0,0,4.69898,96.98175,Aceh Tengah
1,0,0,0,0,0,0,0,0,0,0,0,4.93282,96.94485,Aceh Tengah
0,0,0,0,1,0,0,0,0,0,0,0,4.52064,96.67517,Aceh Barat
0,0,0,0,1,0,0,0,0,0,0,0,4.70925,96.92832,Aceh Barat
0,0,0,0,0,0,0,0,1,0,0,0,4.77901,96.23514,Aceh Barat
0,0,0,0,1,0,0,0,0,0,0,0,4.78252,96.8846,Aceh Barat
1,0,0,0,0,0,0,0,0,0,0,0,4.76638,96.69714,Aceh Barat
0,0,0,0,0,0,0,0,0,0,1,0,4.98413,96.19118,Aceh Barat
0,0,0,0,0,0,0,0,0,1,0,0,4.76257,96.67652,Aceh Barat
0,0,0,0,1,0,0,0,0,0,0,0,4.82431,96.90657,Aceh Barat
0,0,0,0,0,0,0,0,0,1,0,0,4.84983,96.93777,Aceh Barat
0,0,0,1,0,0,0,0,0,0,0,0,4.8889,96.84889,Aceh Barat
0,0,0,0,0,0,0,0,0,0,1,0,4.69589,96.67538,Aceh Barat
0,0,0,0,0,0,0,0,1,0,0,0,4.7347,96.78274,Aceh Barat
0,0,0,0,1,0,0,0,0,0,0,0,4.81771,96.81019,Aceh Barat
0,0,1,0,0,0,0,0,0,0,0,0,4.54337,96.19049,Aceh Barat
0,0,0,0,0,0,0,0,0,0,1,0,4.84869,96.55897,Aceh Barat
0,0,0,0,0,0,0,0,0,0,1,0,4.9151,96.72965,Aceh Barat
0,0,0,0,0,0,0,0,0,1,0,0,4.71514,96.60905,Aceh Barat
0,0,1,0,0,0,0,0,0,0,0,0,4.83447,96.25872,Aceh Barat
0,1,0,0,0,0,0,0,0,0,0,0,4.58738,96.51238,Aceh Barat
0,0,1,0,0,0,0,0,0,0,0,0,4.52399,96.28911,Aceh Barat
0,0,0,0,0,0,0,0,1,0,0,0,4.77267,96.74558,Aceh Barat
1,0,0,0,0,0,0,0,0,0,0,0,4.78928,96.96965,Aceh Barat
0,0,0,0,0,0,0,0,0,0,1,0,4.49645,96.24578,Aceh Barat
0,0,0,0,0,0,0,0,0,0,0,1,4.97153,96.22328,Aceh Barat
0,0,0,0,0,0,0,0,0,1,0,0,4.97689,96.85235,Aceh Barat
0,0,0,0,0,0,0,0,1,0,0,0,4.76801,96.25551,Aceh Barat
0,0,0,0,0,0,1,0,0,0,0,0,4.54217,96.64562,Aceh Barat
0,0,0,1,0,0,0,0,0,0,0,0,4.47277,96.78179,Aceh Barat
0,0,0,0,0,0,0,0,0,0,1,0,4.57893,96.97724,Aceh Barat
0,0,0,0,0,0,0,0,0,0,1,0,4.73036,96.7988,Aceh Barat
0,0,0,0,0,0,0,0,0,1,0,0,4.99239,96.99669,Aceh Barat
0,0,0,0,0,0,0,1,0,0,0,0,4.98098,96.21685,Aceh Barat
0,0,1,0,0,0,0,0,0,0,0,0,4.4949,96.9135,Aceh Barat
0,0,0,1,0,0,0,0,0,0,0,0,4.48357,96.79627,Aceh Barat
1,0,0,0,0,0,0,0,0,0,0,0,4.53046,96.20473,Aceh Barat
1,0,0,0,0,0,0,0,0,0,0,0,4.95626,96.90269,Aceh Barat
1,0,0,0,0,0,0,0,0,0,0,0,4.81772,96.87929,Aceh Barat
0,0,0,0,0,0,0,0,0,0,0,1,4.72381,96.97426,Aceh Barat
0,0,0,0,0,0,0,0,0,0,0,1,4.98285,96.63767,Aceh Barat
0,0,0,0,0,0,0,0,0,1,0,0,4.81989,96.70974,Aceh Barat
0,0,0,0,0,0,0,0,0,1,0,0,4.95882,96.69279,Aceh Barat
0,0,0,0,0,0,0,0,1,0,0,0,4.76223,96.83725,Aceh Barat
0,0,0,1,0,0,0,0,0,0,0,0,4.64657,96.74876,Aceh Barat
0,0,0,0,0,0,0,0,0,0,1,0,4.89248,96.4864,Aceh Barat
0,0,0,0,0,0,0,0,0,1,0,0,4.70873,96.54218,Aceh Barat
0,0,0,0,0,0,0,1,0,0,0,0,4.98965,96.2918,Aceh Barat
0,0,0,0,0,0,1,0,0,0,0,0,4.87556,96.62367,Aceh Barat
0,0,0,0,0,0,1,0,0,0,0,0,4.98172,96.31778,Aceh Barat
0,0,1,0,0,0,0,0,0,0,0,0,4.7742,96.26694,Aceh Barat
0,0,0,0,0,0,1,0,0,0,0,0,4.75514,96.581,Aceh Barat
0,0,0,0,1,0,0,0,0,0,0,0,4.67017,96.79658,Aceh Barat
0,0,1,0,0,0,0,0,0,0,0,0,4.53132,96.34933,Aceh Barat
0,0,0,0,1,0,0,0,0,0,0,0,5.92483,95.56219,Aceh Tengah
0,0,0,0,0,0,0,0,0,0,0,1,5.55747,95.91815,Aceh Tengah
0,0,0,0,0,0,0,0,0,0,0,1,5.76084,95.91504,Aceh Tengah
0,0,0,0,0,0,0,0,0,0,1,0,5.96588,95.86783,Aceh Tengah
0,0,0,0,0,0,0,0,1,0,0,0,5.53477,95.56039,Aceh Tengah
0,1,0,0,0,0,0,0,0,0,0,0,5.80894,95.86578,Aceh Tengah
0,0,0,0,0,0,0,0,0,1,0,0,5.82799,95.7254,Aceh Tengah
0,0,0,0,0,1,0,0,0,0,0,0,5.91438,95.9741,Aceh Tengah
0,0,1,0,0,0,0,0,0,0,0,0,5.8588,95.64697,Aceh Tengah
0,0,1,0,0,0,0,0,0,0,0,0,5.51999,95.98537,Aceh Tengah
0,0,0,1,0,0,0,0,0,0,0,0,5.8211,95.82002,Aceh Tengah
1,0,0,0,0,0,0,0,0,0,0,0,5.62855,95.6101,Aceh Tengah
0,0,0,0,0,0,0,0,0,0,1,0,5.8767,95.6401,Aceh Tengah
0,0,0,0,0,0,0,0,0,1,0,0,5.91298,95.70627,Aceh Tengah
0,0,0,0,0,0,0,0,0,0,1,0,5.54746,95.74738,Aceh Tengah
0,0,0,0,0,0,0,0,0,0,1,0,5.64645,95.9744,Aceh Tengah
0,0,0,0,0,0,0,1,0,0,0,0,5.5708,95.99563,Aceh Tengah
1,0,0,0,0,0,0,0,0,0,0,0,5.69448,95.83002,Aceh Tengah
1,0,0,0,0,0,0,0,0,0,0,0,5.89741,95.75447,Aceh Tengah
0,0,0,0,0,0,0,0,0,0,0,1,5.42431,95.52768,Aceh Tengah
0,0,0,0,0,0,0,0,0,0,0,1,5.7468,95.62244,Aceh Tengah
1,0,0,0,0,0,0,0,0,0,0,0,5.3796428,95.4216105,Aceh Tengah
1,0,0,0,0,0,0,0,0,0,0,0,5.82537,95.85478,Aceh Tengah
1,0,0,0,0,0,0,0,0,0,0,0,5.57899,95.9521,Aceh Tengah
0,0,0,0,0,0,0,0,0,0,0,1,5.75384,95.5513,Aceh Tengah
0,0,0,0,0,0,0,0,0,1,0,0,5.72156,95.83695,Aceh Tengah
1,0,0,0,0,0,0,0,0,0,0,0,5.69757,95.73376,Aceh Tengah
1,0,0,0,0,0,0,0,0,0,0,0,5.47808,95.63387,Aceh Tengah
0,0,0,0,1,0,0,0,0,0,0,0,5.40007,95.65174,Aceh Tengah
0,0,0,0,1,0,0,0,0,0,0,0,5.37635,95.82059,Aceh Tengah
0,0,0,0,1,0,0,0,0,0,0,0,5.63019,95.86453,Aceh Tengah
0,0,0,0,0,0,1,0,0,0,0,0,5.86389,95.87887,Aceh Tengah
0,0,1,0,0,0,0,0,0,0,0,0,5.67523,95.68848,Aceh Tengah
0,1,0,0,0,0,0,0,0,0,0,0,5.59646,95.81835,Aceh Tengah
0,0,0,0,0,0,0,0,0,0,0,1,5.44306,95.94806,Pidie
1,0,0,0,0,0,0,0,0,0,0,0,5.51336,95.99829,Pidie
0,0,0,0,0,0,0,0,0,0,0,1,5.94143,95.94365,Pidie
1,0,0,0,0,0,0,0,0,0,0,0,5.84879,95.97873,Pidie
0,0,0,1,0,0,0,0,0,0,0,0,5.12404,95.96558,Pidie
1,0,0,0,0,0,0,0,0,0,0,0,5.19705,95.96518,Pidie
0,0,0,0,0,0,1,0,0,0,0,0,5.26278,95.96846,Pidie
0,0,1,0,0,0,0,0,0,0,0,0,5.88192,95.98058,Pidie
0,1,0,0,0,0,0,0,0,0,0,0,5.2857,95.9744,Pidie
1,0,0,0,0,0,0,0,0,0,0,0,5.30158,95.98194,Pidie
0,0,0,0,0,0,0,0,0,0,0,1,5.52436,95.9508,Pidie
0,0,0,0,0,0,0,0,0,1,0,0,5.1393,95.99886,Pidie
1,0,0,0,0,0,0,0,0,0,0,0,5.95484,95.94308,Pidie
1,0,0,0,0,0,0,0,0,0,0,0,5.7286,95.97662,Pidie
0,0,1,0,0,0,0,0,0,0,0,0,5.39048,95.9967,Pidie
0,0,1,0,0,0,0,0,0,0,0,0,5.18267,95.95029,Pidie
0,0,0,0,0,0,0,0,0,0,0,1,5.48976,95.96397,Pidie
0,0,0,0,1,0,0,0,0,0,0,0,5.33677,95.99454,Pidie
0,0,1,0,0,0,0,0,0,0,0,0,5.93749,95.9482,Pidie
0,1,0,0,0,0,0,0,0,0,0,0,5.53598,95.9988,Pidie
1,0,0,0,0,0,0,0,0,0,0,0,5.49672,95.96712,Pidie
1,0,0,0,0,0,0,0,0,0,0,0,5.42573,95.95466,Pidie
0,0,0,0,0,0,0,0,0,0,0,1,5.71526,95.99703,Pidie
1,0,0,0,0,0,0,0,0,0,0,0,5.66375,95.97843,Pidie
0,0,0,0,0,0,0,0,0,0,0,1,5.91929,95.96797,Pidie
0,0,0,0,0,0,0,0,0,0,0,1,5.14332,95.99088,Pidie
0,0,0,0,0,0,0,0,0,0,1,0,5.36085,95.97467,Pidie
0,0,0,0,0,0,0,0,0,0,1,0,5.99002,95.95088,Pidie
0,0,0,0,1,0,0,0,0,0,0,0,5.42354,95.97543,Pidie
0,0,0,1,0,0,0,0,0,0,0,0,5.69634,95.95164,Pidie
1,0,0,0,0,0,0,0,0,0,0,0,5.78523,95.9462,Pidie
1,0,0,0,0,0,0,0,0,0,0,0,5.54905,95.95104,Pidie
1,0,0,0,0,0,0,0,0,0,0,0,5.31947,95.97488,Pidie
0,0,0,0,0,0,0,0,0,0,1,0,5.2405,95.97714,Pidie
0,1,0,0,0,0,0,0,0,0,0,0,5.74497,95.96253,Pidie
0,1,0,0,0,0,0,0,0,0,0,0,5.19971,95.96856,Pidie
1,0,0,0,0,0,0,0,0,0,0,0,5.83386,95.94836,Pidie
0,0,0,0,0,0,0,0,0,0,1,0,5.88895,95.95302,Pidie
1,0,0,0,0,0,0,0,0,0,0,0,5.73045,95.96726,Pidie
0,0,0,1,0,0,0,0,0,0,0,0,5.113283,95.942025,Pidie
0,0,0,1,0,0,0,0,0,0,0,0,5.65642,95.99976,Pidie
0,1,0,0,0,0,0,0,0,0,0,0,5.47115,95.99055,Pidie
0,0,0,0,0,0,0,0,0,0,0,1,5.89211,95.98043,Pidie
0,1,0,0,0,0,0,0,0,0,0,0,5.58317,95.9507,Pidie
0,0,1,0,0,0,0,0,0,0,0,0,5.69536,95.98967,Pidie
1,0,0,0,0,0,0,0,0,0,0,0,5.60882,95.94296,Pidie
0,0,0,0,0,0,0,0,0,0,1,0,5.85312,96.82634,Bireuen
0,1,0,0,0,0,0,0,0,0,0,0,5.20451,96.82976,Bireuen
1,0,0,0,0,0,0,0,0,0,0,0,5.68252,96.87022,Bireuen
0,0,0,0,0,0,0,0,0,0,0,1,5.98347,96.82718,Bireuen
0,0,1,0,0,0,0,0,0,0,0,0,5.14859,96.95948,Bireuen
1,0,0,0,0,0,0,0,0,0,0,0,5.69129,96.67663,Bireuen
0,0,0,0,0,0,1,0,0,0,0,0,5.26842,96.84907,Bireuen
0,0,0,0,0,0,0,0,0,0,0,1,5.58587,96.79564,Bireuen
0,0,0,0,0,0,0,0,0,0,0,1,5.24417,96.97892,Bireuen
0,0,0,0,0,0,0,0,0,0,1,0,5.13917,96.73424,Bireuen
0,0,1,0,0,0,0,0,0,0,0,0,5.1267,96.9307,Bireuen
0,1,0,0,0,0,0,0,0,0,0,0,5.97887,96.7037,Bireuen
1,0,0,0,0,0,0,0,0,0,0,0,5.74393,96.66256,Bireuen
1,0,0,0,0,0,0,0,0,0,0,0,5.9733,96.72949,Bireuen
0,0,0,0,0,0,0,0,0,0,0,1,5.22205,96.69844,Bireuen
1,0,0,0,0,0,0,0,0,0,0,0,5.13426,96.79498,Bireuen
0,0,0,0,0,0,0,0,0,0,0,1,5.39903,96.71823,Bireuen
1,0,0,0,0,0,0,0,0,0,0,0,5.73766,96.82506,Bireuen
0,0,0,0,0,0,0,0,0,0,1,0,5.36761,96.69046,Bireuen
0,0,0,0,0,0,0,0,0,1,0,0,5.59286,96.82574,Bireuen
0,0,0,0,0,1,0,0,0,0,0,0,5.92146,96.67463,Bireuen
0,1,0,0,0,0,0,0,0,0,0,0,5.38364,96.94606,Bireuen
0,0,0,0,0,0,0,0,0,0,0,1,5.33203,96.90407,Bireuen
0,0,0,0,0,0,0,0,0,0,0,1,5.96354,96.97627,Bireuen
0,0,0,0,0,0,0,0,0,0,0,1,5.69922,96.99641,Bireuen
0,0,0,0,0,0,0,0,0,0,0,1,5.88287,96.70103,Bireuen
0,0,0,0,0,0,0,0,0,0,1,0,5.55097,96.65551,Bireuen
0,0,0,0,0,0,0,0,0,0,1,0,5.10057,96.63176,Bireuen
0,0,0,0,0,0,0,1,0,0,0,0,5.1086446,96.663812,Bireuen
0,0,0,0,1,0,0,0,0,0,0,0,5.9832,96.66276,Bireuen
0,0,0,1,0,0,0,0,0,0,0,0,5.63477,96.73299,Bireuen
0,0,0,0,0,0,1,0,0,0,0,0,5.45215,96.62617,Bireuen
0,0,0,0,0,0,0,0,0,0,0,1,4.99731,97.89465,Aceh Utara
0,0,0,0,0,0,0,0,0,0,1,0,4.99682,97.82047,Aceh Utara
0,0,0,0,0,0,0,0,0,1,0,0,4.99815,97.68007,Aceh Utara
0,0,0,0,0,0,0,0,1,0,0,0,4.99359,97.51828,Aceh Utara
1,0,0,0,0,0,0,0,0,0,0,0,4.99781,97.53708,Aceh Utara
0,0,0,0,0,0,0,0,0,0,0,1,4.99734,97.77181,Aceh Utara
0,0,0,0,0,0,0,0,0,0,0,1,4.99558,97.94604,Aceh Utara
0,0,0,0,0,0,0,0,0,0,1,0,4.99837,97.3743,Aceh Utara
0,0,0,0,0,0,0,0,0,1,0,0,4.99483,97.55405,Aceh Utara
0,0,0,0,1,0,0,0,0,0,0,0,4.99503,97.3096,Aceh Utara
0,0,1,0,0,0,0,0,0,0,0,0,4.99358,97.16876,Aceh Utara
1,0,0,0,0,0,0,0,0,0,0,0,4.99361,97.36459,Aceh Utara
0,0,0,0,0,0,0,0,0,0,0,1,4.99421,97.73969,Aceh Utara
0,0,0,0,0,0,1,0,0,0,0,0,4.99507,97.95819,Aceh Utara
1,0,0,0,0,0,0,0,0,0,0,0,4.99518,97.74086,Aceh Utara
0,0,0,0,0,0,0,0,0,0,0,1,4.99746,97.17474,Aceh Utara
0,0,0,0,0,0,0,0,0,0,0,1,4.99935,97.83601,Aceh Utara
0,0,0,0,0,0,0,0,0,0,0,1,4.99544,97.23242,Aceh Utara
0,0,0,0,0,0,0,0,0,0,1,0,4.99741,97.93338,Aceh Utara
0,0,0,0,0,0,0,0,0,0,1,0,4.99705,97.62632,Aceh Utara
0,0,0,0,0,0,0,0,0,0,1,0,4.99401,97.90484,Aceh Utara
0,0,0,0,1,0,0,0,0,0,0,0,4.99992,97.82074,Aceh Utara
0,0,0,0,0,0,0,0,0,0,0,1,4.9943,97.83376,Aceh Utara
0,0,0,0,0,0,0,0,0,0,0,1,4.99964,97.33581,Aceh Utara
0,0,0,0,1,0,0,0,0,0,0,0,4.99782,97.82114,Aceh Utara
0,1,0,0,0,0,0,0,0,0,0,0,4.99551,97.79999,Aceh Utara
1,0,0,0,0,0,0,0,0,0,0,0,4.99638,97.46702,Aceh Utara
0,0,0,0,0,0,0,0,0,0,0,1,4.99419,97.54171,Aceh Utara
0,0,0,0,0,0,1,0,0,0,0,0,4.9944,97.30285,Aceh Utara
1,0,0,0,0,0,0,0,0,0,0,0,4.99885,97.80882,Aceh Utara
0,0,0,0,0,0,0,0,0,0,0,1,4.99359,97.35266,Aceh Utara
0,0,0,0,0,0,0,0,0,0,0,1,4.99701,97.27558,Aceh Utara
0,0,0,0,0,0,0,0,0,1,0,0,4.9999,97.68802,Aceh Utara
0,0,0,0,0,0,0,0,0,0,0,1,4.99421,97.86052,Aceh Utara
0,0,0,0,0,0,0,0,0,0,0,1,4.99447,97.36616,Aceh Utara
0,0,0,0,0,0,0,0,0,0,1,0,4.99849,97.43775,Aceh Utara
0,0,0,0,0,0,0,0,1,0,0,0,4.99899,97.94296,Aceh Utara
0,0,0,0,0,0,0,0,1,0,0,0,4.99786,97.54223,Aceh Utara
0,0,0,0,0,0,0,0,1,0,0,0,4.99518,97.46225,Aceh Utara
1,0,0,0,0,0,0,0,0,0,0,0,4.99833,97.22618,Aceh Utara
0,0,0,0,0,0,0,0,0,0,1,0,4.9972,97.28109,Aceh Utara
0,1,0,0,0,0,0,0,0,0,0,0,4.99779,97.92743,Aceh Utara
1,0,0,0,0,0,0,0,0,0,0,0,4.9972,97.67888,Aceh Utara
0,0,0,0,0,0,0,0,0,0,1,0,4.99477,97.7737,Aceh Utara
0,0,0,0,1,0,0,0,0,0,0,0,5.0770759,97.3015369,Aceh Utara
1,0,0,0,0,0,0,0,0,0,0,0,4.99643,97.7372,Aceh Utara
0,0,0,0,0,0,0,0,0,0,0,1,4.99589,97.66766,Aceh Utara
0,0,0,0,0,0,0,0,0,0,1,0,4.99501,97.29494,Aceh Utara
0,0,0,0,0,0,0,0,0,0,1,0,4.99779,97.72679,Aceh Utara
0,0,0,0,0,0,0,0,0,1,0,0,4.99643,97.77137,Aceh Utara
0,0,0,0,0,0,0,0,0,1,0,0,4.99913,97.96539,Aceh Utara
0,0,0,0,0,0,0,0,0,1,0,0,4.99368,97.25301,Aceh Utara
0,0,0,0,0,0,0,0,0,1,0,0,4.99866,97.86283,Aceh Utara
1,0,0,0,0,0,0,0,0,0,0,0,4.993586,97.150688,Aceh Utara
0,0,0,0,0,0,0,0,0,0,0,1,4.99565,97.24145,Aceh Utara
0,0,0,0,0,0,0,0,0,0,1,0,4.99795,97.66605,Aceh Utara
0,0,0,0,0,1,0,0,0,0,0,0,4.99896,97.43217,Aceh Utara
0,0,0,0,0,1,0,0,0,0,0,0,4.9946,97.72898,Aceh Utara
0,0,0,0,0,1,0,0,0,0,0,0,4.99415,97.79299,Aceh Utara
0,0,0,0,0,1,0,0,0,0,0,0,4.99419,97.50184,Aceh Utara
0,0,0,0,1,0,0,0,0,0,0,0,4.99918,97.15196,Aceh Utara
0,0,0,0,1,0,0,0,0,0,0,0,4.99699,97.85931,Aceh Utara
0,0,0,1,0,0,0,0,0,0,0,0,4.99583,97.35106,Aceh Utara
1,0,0,0,0,0,0,0,0,0,0,0,4.99504,97.94772,Aceh Utara
0,0,0,0,0,0,0,0,0,0,1,0,3.9799,96.8912,Aceh Barat Daya
0,0,0,0,0,0,0,0,0,1,0,0,3.96437,96.99714,Aceh Barat Daya
0,0,0,1,0,0,0,0,0,0,0,0,3.9771,96.96279,Aceh Barat Daya
0,0,0,0,0,0,0,0,0,0,1,0,3.93866,96.97009,Aceh Barat Daya
0,0,0,0,0,0,0,0,0,0,1,0,3.93062,96.90425,Aceh Barat Daya
0,0,0,1,0,0,0,0,0,0,0,0,3.85996,96.90781,Aceh Barat Daya
0,0,0,1,0,0,0,0,0,0,0,0,3.88775,96.86862,Aceh Barat Daya
0,0,0,0,1,0,0,0,0,0,0,0,3.94179,96.93162,Aceh Barat Daya
0,0,0,1,0,0,0,0,0,0,0,0,3.89864,96.89454,Aceh Barat Daya
0,0,0,0,0,0,0,0,0,0,1,0,3.86259,96.97105,Aceh Barat Daya
0,0,0,0,0,0,0,0,0,0,0,1,3.85776,96.94785,Aceh Barat Daya
0,0,0,0,0,0,0,0,1,0,0,0,3.91823,96.98652,Aceh Barat Daya
0,0,0,0,0,0,0,1,0,0,0,0,3.90309,96.94548,Aceh Barat Daya
0,0,0,0,0,0,0,1,0,0,0,0,3.85115,96.89286,Aceh Barat Daya
0,0,0,1,0,0,0,0,0,0,0,0,3.95692,96.88472,Aceh Barat Daya
0,0,0,0,0,0,0,1,0,0,0,0,3.97888,96.99458,Aceh Barat Daya
0,0,0,0,0,0,0,0,0,1,0,0,3.95963,96.91918,Aceh Barat Daya
0,0,0,0,0,0,0,0,0,1,0,0,3.88024,96.87399,Aceh Barat Daya
0,0,0,0,0,0,0,0,1,0,0,0,3.9537,96.89085,Aceh Barat Daya
0,0,0,1,0,0,0,0,0,0,0,0,3.86938,96.91315,Aceh Barat Daya
0,0,0,0,0,0,0,0,0,0,1,0,3.99627,96.89635,Aceh Barat Daya
0,0,1,0,0,0,0,0,0,0,0,0,3.6206532,96.9155468,Aceh Barat Daya
0,1,0,0,0,0,0,0,0,0,0,0,3.87629,96.99576,Aceh Barat Daya
1,0,0,0,0,0,0,0,0,0,0,0,3.89234,96.97978,Aceh Barat Daya
1,0,0,0,0,0,0,0,0,0,0,0,3.95318,96.88723,Aceh Barat Daya
0,0,0,0,0,0,1,0,0,0,0,0,3.86901,96.95637,Aceh Barat Daya
0,0,0,1,0,0,0,0,0,0,0,0,3.86295,96.95379,Aceh Barat Daya
0,0,0,0,0,0,0,0,0,0,0,1,3.99357,97.67384,Gayo Lues
0,0,0,0,0,0,0,0,0,0,0,1,3.98296,97.86183,Gayo Lues
0,0,0,0,0,1,0,0,0,0,0,0,3.9881,97.95461,Gayo Lues
0,0,0,0,1,0,0,0,0,0,0,0,3.99673,97.62511,Gayo Lues
0,0,0,0,1,0,0,0,0,0,0,0,3.99708,97.88548,Gayo Lues
0,0,0,0,0,0,0,0,0,1,0,0,3.99833,97.95968,Gayo Lues
0,0,0,0,0,0,0,0,0,1,0,0,3.99279,97.81947,Gayo Lues
0,0,0,0,0,0,0,0,0,1,0,0,3.9957,97.70414,Gayo Lues
0,0,0,0,0,0,0,0,0,1,0,0,3.99817,97.37176,Gayo Lues
1,0,0,0,0,0,0,0,0,0,0,0,3.99759,97.65041,Gayo Lues
0,0,0,0,0,0,0,0,0,0,0,1,3.99078,97.54496,Gayo Lues
0,0,0,0,0,0,0,0,0,0,1,0,3.98781,97.96727,Gayo Lues
0,0,0,0,0,0,0,0,0,0,0,1,3.99685,97.64557,Gayo Lues
1,0,0,0,0,0,0,0,0,0,0,0,3.9872,97.36059,Gayo Lues
0,0,0,0,0,0,1,0,0,0,0,0,3.98327,97.33664,Gayo Lues
0,0,0,0,0,1,0,0,0,0,0,0,3.99096,97.97803,Gayo Lues
0,0,0,0,1,0,0,0,0,0,0,0,3.99047,97.79847,Gayo Lues
0,0,0,0,1,0,0,0,0,0,0,0,3.99801,97.78957,Gayo Lues
0,1,0,0,0,0,0,0,0,0,0,0,3.99933,97.44003,Gayo Lues
1,0,0,0,0,0,0,0,0,0,0,0,3.99863,97.823,Gayo Lues
1,0,0,0,0,0,0,0,0,0,0,0,3.98203,97.38395,Gayo Lues
0,0,0,1,0,0,0,0,0,0,0,0,4.60861,98.35848,Aceh Tamiang
0,0,0,0,0,0,0,0,0,0,0,1,4.43618,98.40217,Aceh Tamiang
0,0,0,0,0,0,0,0,0,0,1,0,4.52013,98.70798,Aceh Tamiang
1,0,0,0,0,0,0,0,0,0,0,0,4.8641,98.30846,Aceh Tamiang
0,0,0,0,0,0,0,0,0,0,0,1,4.98639,98.20611,Aceh Tamiang
0,0,1,0,0,0,0,0,0,0,0,0,4.72692,98.1608,Aceh Tamiang
0,0,1,0,0,0,0,0,0,0,0,0,4.26958,98.62981,Aceh Tamiang
1,0,0,0,0,0,0,0,0,0,0,0,4.68026,98.52911,Aceh Tamiang
0,0,0,0,0,0,0,0,0,0,0,1,4.89207,98.25677,Aceh Tamiang
0,0,0,0,0,0,0,0,0,0,0,1,4.22341,98.14442,Aceh Tamiang
0,0,0,0,0,0,0,0,0,0,1,0,4.26196,98.74767,Aceh Tamiang
0,0,0,0,0,1,0,0,0,0,0,0,4.62421,98.15888,Aceh Tamiang
0,0,1,0,0,0,0,0,0,0,0,0,4.89745,98.6312,Aceh Tamiang
0,0,1,0,0,0,0,0,0,0,0,0,4.42315,98.28536,Aceh Tamiang
0,0,1,0,0,0,0,0,0,0,0,0,4.24984,98.53867,Aceh Tamiang
0,0,0,0,0,0,0,0,0,0,1,0,4.81242,98.6722,Aceh Tamiang
0,0,0,0,0,0,0,0,0,1,0,0,4.5199,98.6483,Aceh Tamiang
0,0,0,0,0,1,0,0,0,0,0,0,4.43242,98.84903,Aceh Tamiang
0,0,0,0,1,0,0,0,0,0,0,0,4.78474,98.76044,Aceh Tamiang
0,0,0,1,0,0,0,0,0,0,0,0,4.82956,98.20992,Aceh Tamiang
0,0,0,0,0,0,0,0,0,0,0,1,4.59933,98.79654,Aceh Tamiang
0,0,0,0,0,0,0,0,0,0,0,1,4.2563,98.32254,Aceh Tamiang
0,0,0,0,0,0,0,0,0,1,0,0,4.27637,98.82768,Aceh Tamiang
1,0,0,0,0,0,0,0,0,0,0,0,4.81436,98.47705,Aceh Tamiang
0,0,0,0,0,0,0,0,0,0,0,1,4.65551,98.30096,Aceh Tamiang
0,0,0,0,0,0,0,0,0,0,0,1,4.53115,98.32614,Aceh Tamiang
0,0,0,0,0,0,0,0,0,0,1,0,4.23861,98.41626,Aceh Tamiang
0,0,0,0,0,0,0,0,0,1,0,0,4.8536,98.55693,Aceh Tamiang
0,0,0,0,0,0,0,0,0,1,0,0,4.41359,98.50076,Aceh Tamiang
0,0,0,0,0,0,0,0,0,1,0,0,4.22596,98.62573,Aceh Tamiang
0,0,0,0,0,0,0,0,1,0,0,0,4.95729,98.19037,Aceh Tamiang
0,1,0,0,0,0,0,0,0,0,0,0,4.27841,98.78239,Aceh Tamiang
1,0,0,0,0,0,0,0,0,0,0,0,4.22131,98.000397,Aceh Tamiang
0,0,0,0,0,0,0,0,0,0,0,1,4.58152,98.50343,Aceh Tamiang
0,0,0,0,0,0,0,0,0,0,0,1,4.48366,98.14341,Aceh Tamiang
0,0,0,0,1,0,0,0,0,0,0,0,4.51501,98.11355,Aceh Tamiang
0,0,0,0,0,0,1,0,0,0,0,0,4.47182,98.79738,Aceh Tamiang
1,0,0,0,0,0,0,0,0,0,0,0,4.53753,98.9145,Aceh Tamiang
1,0,0,0,0,0,0,0,0,0,0,0,4.9219,98.18752,Aceh Tamiang
0,0,0,0,0,0,0,0,0,0,1,0,4.93129,96.57974,Nagan Raya
0,0,0,0,0,0,0,0,1,0,0,0,4.66391,96.55258,Nagan Raya
0,0,0,0,1,0,0,0,0,0,0,0,4.83829,96.71204,Nagan Raya
0,0,0,0,0,0,0,0,0,1,0,0,4.18262,96.82432,Nagan Raya
0,0,0,1,0,0,0,0,0,0,0,0,4.32902,96.91547,Nagan Raya
0,0,0,0,0,0,0,0,0,0,0,1,4.288,96.95894,Nagan Raya
0,0,0,0,0,0,0,0,0,0,1,0,4.46418,96.80712,Nagan Raya
0,0,0,0,0,0,0,0,0,1,0,0,4.89744,96.76526,Nagan Raya
0,0,0,0,0,0,0,1,0,0,0,0,4.57786,96.81176,Nagan Raya
0,0,0,0,1,0,0,0,0,0,0,0,4.48875,96.99862,Nagan Raya
0,0,0,0,1,0,0,0,0,0,0,0,4.74808,96.70282,Nagan Raya
0,0,0,1,0,0,0,0,0,0,0,0,4.65974,96.5833,Nagan Raya
0,0,0,0,0,0,0,0,0,1,0,0,4.5743,96.93504,Nagan Raya
0,0,0,0,0,0,0,0,0,1,0,0,4.9134,96.73896,Nagan Raya
0,0,0,0,1,0,0,0,0,0,0,0,4.37171,96.75284,Nagan Raya
0,0,0,1,0,0,0,0,0,0,0,0,4.38208,96.72651,Nagan Raya
0,0,0,0,0,0,0,0,1,0,0,0,4.73552,96.87763,Nagan Raya
0,0,0,1,0,0,0,0,0,0,0,0,4.22725,96.63436,Nagan Raya
0,0,1,0,0,0,0,0,0,0,0,0,4.59521,96.95901,Nagan Raya
0,0,0,1,0,0,0,0,0,0,0,0,4.68328,96.62774,Nagan Raya
0,0,0,0,0,0,0,0,1,0,0,0,4.3415,96.96439,Nagan Raya
0,0,0,0,0,0,0,1,0,0,0,0,4.90608,96.73347,Nagan Raya
0,0,0,0,1,0,0,0,0,0,0,0,4.78911,96.95906,Nagan Raya
0,0,0,1,0,0,0,0,0,0,0,0,4.48096,96.99273,Nagan Raya
0,0,0,0,0,0,0,0,0,0,1,0,4.46989,96.55826,Nagan Raya
0,0,0,0,0,0,0,0,0,1,0,0,4.69739,96.68102,Nagan Raya
0,0,0,0,0,0,0,0,0,0,0,1,4.24638,96.87087,Nagan Raya
0,0,0,0,0,0,0,0,0,1,0,0,4.24245,96.65719,Nagan Raya
0,0,0,0,0,0,0,0,1,0,0,0,4.82864,96.59145,Nagan Raya
0,0,0,0,0,0,0,0,1,0,0,0,4.59618,96.89994,Nagan Raya
0,0,0,1,0,0,0,0,0,0,0,0,4.81176,96.86061,Nagan Raya
0,0,0,0,0,0,0,0,0,1,0,0,4.8625,96.81569,Nagan Raya
0,0,0,0,0,0,0,0,0,0,1,0,4.44186,96.67595,Nagan Raya
0,0,0,1,0,0,0,0,0,0,0,0,4.19674,96.57791,Nagan Raya
0,0,0,0,0,0,0,0,0,1,0,0,4.38305,96.56821,Nagan Raya
0,0,0,0,0,0,0,0,0,1,0,0,4.64929,96.60799,Nagan Raya
0,0,0,1,0,0,0,0,0,0,0,0,4.8712,96.79209,Nagan Raya
0,0,0,0,0,0,1,0,0,0,0,0,4.27888,96.70212,Nagan Raya
0,0,0,0,0,0,1,0,0,0,0,0,4.41485,96.98974,Nagan Raya
0,0,0,0,1,0,0,0,0,0,0,0,4.32104,96.54878,Nagan Raya
0,0,1,0,0,0,0,0,0,0,0,0,4.5365,96.72428,Nagan Raya
0,0,0,0,0,0,0,0,1,0,0,0,4.88917,95.95936,Aceh Jaya
0,0,0,0,0,0,0,0,0,1,0,0,4.85511,95.8757,Aceh Jaya
0,0,0,0,0,0,0,0,0,1,0,0,4.88433,95.85311,Aceh Jaya
0,0,0,1,0,0,0,0,0,0,0,0,4.83654,95.78951,Aceh Jaya
0,0,0,0,0,0,0,0,0,0,0,1,4.88943,95.97929,Aceh Jaya
0,0,0,0,1,0,0,0,0,0,0,0,4.98031,95.96097,Aceh Jaya
0,0,0,0,0,0,0,0,0,1,0,0,4.82001,95.77642,Aceh Jaya
0,0,0,0,0,0,0,0,0,1,0,0,4.9429,95.94626,Aceh Jaya
0,0,0,0,0,0,0,0,1,0,0,0,4.9051,95.99333,Aceh Jaya
0,0,0,0,1,0,0,0,0,0,0,0,4.94877,95.89947,Aceh Jaya
0,0,0,0,1,0,0,0,0,0,0,0,4.92595,95.97469,Aceh Jaya
0,0,0,0,1,0,0,0,0,0,0,0,4.99591,95.91876,Aceh Jaya
0,0,0,1,0,0,0,0,0,0,0,0,4.88752,95.73188,Aceh Jaya
0,0,0,0,0,0,0,0,0,0,1,0,4.96941,95.99587,Aceh Jaya
0,0,0,0,0,0,0,0,0,0,1,0,4.81995,95.78872,Aceh Jaya
0,0,0,1,0,0,0,0,0,0,0,0,4.81325,95.68016,Aceh Jaya
0,0,0,0,0,0,0,0,0,0,1,0,4.97477,95.77385,Aceh Jaya
0,0,0,0,0,0,0,0,0,1,0,0,4.85085,95.94459,Aceh Jaya
0,0,0,0,0,1,0,0,0,0,0,0,4.92478,95.98116,Aceh Jaya
0,0,0,0,0,0,0,0,0,0,0,1,4.856,95.77037,Aceh Jaya
0,0,0,0,0,0,1,0,0,0,0,0,4.83719,95.82011,Aceh Jaya
0,0,0,0,0,0,0,0,0,0,1,0,4.93041,95.74081,Aceh Jaya
0,0,0,0,0,0,0,0,0,0,1,0,4.88873,95.82624,Aceh Jaya
0,0,0,0,0,0,0,0,0,0,1,0,4.86777,95.75989,Aceh Jaya
0,0,0,0,0,0,0,0,0,1,0,0,4.92715,95.87816,Aceh Jaya
0,0,0,0,0,0,0,1,0,0,0,0,4.89684,95.95604,Aceh Jaya
0,0,0,0,0,0,0,1,0,0,0,0,4.96429,95.99737,Aceh Jaya
0,0,0,0,1,0,0,0,0,0,0,0,4.97842,95.75834,Aceh Jaya
0,0,0,0,0,0,0,0,0,0,1,0,4.810818,95.666378,Aceh Jaya
1,0,0,0,0,0,0,0,0,0,0,0,4.91368,95.73705,Aceh Jaya
1,0,0,0,0,0,0,0,0,0,0,0,4.88816,95.67358,Aceh Jaya
0,0,0,0,0,0,0,0,0,0,1,0,4.85172,95.74214,Aceh Jaya
0,0,0,0,0,0,0,0,0,0,1,0,4.86361,95.87877,Aceh Jaya
0,0,0,0,0,0,0,0,0,0,1,0,4.98581,95.79217,Aceh Jaya
0,0,0,0,0,0,0,0,0,0,1,0,4.81207,95.82777,Aceh Jaya
0,0,0,0,0,0,0,0,0,0,1,0,4.84363,95.69494,Aceh Jaya
0,0,0,0,0,0,0,0,0,1,0,0,4.92071,95.92383,Aceh Jaya
0,0,0,0,0,0,0,0,0,1,0,0,4.93603,95.83099,Aceh Jaya
0,0,0,0,0,0,0,0,0,1,0,0,4.83983,95.95685,Aceh Jaya
0,0,0,0,0,0,0,1,0,0,0,0,4.97187,95.72668,Aceh Jaya
0,0,0,1,0,0,0,0,0,0,0,0,4.95143,95.83566,Aceh Jaya
0,0,0,0,0,0,0,0,0,1,0,0,4.4360296,95.8775964,Aceh Jaya
0,0,0,0,0,0,1,0,0,0,0,0,4.95605,95.8302,Aceh Jaya
0,0,0,1,0,0,0,0,0,0,0,0,5.0475083,95.4463322,Aceh Jaya
0,0,0,1,0,0,0,0,0,0,0,0,4.85849,95.69648,Aceh Jaya
0,0,0,1,0,0,0,0,0,0,0,0,4.97816,95.72003,Aceh Jaya
0,0,0,1,0,0,0,0,0,0,0,0,4.6419779,95.7932008,Aceh Jaya
0,0,0,1,0,0,0,0,0,0,0,0,4.81825,95.73414,Aceh Jaya
0,0,0,0,0,0,0,0,0,0,0,1,4.83428,95.83318,Aceh Jaya
0,0,0,0,0,0,1,0,0,0,0,0,4.94475,95.81219,Aceh Jaya
0,0,0,0,1,0,0,0,0,0,0,0,4.8471,95.95702,Aceh Jaya
0,0,0,0,1,0,0,0,0,0,0,0,4.93166,95.8679,Aceh Jaya
0,0,0,0,1,0,0,0,0,0,0,0,4.95428,95.93707,Aceh Jaya
0,0,0,0,0,0,1,0,0,0,0,0,4.95525,95.86479,Aceh Jaya
0,0,0,0,0,0,1,0,0,0,0,0,4.91476,95.78633,Aceh Jaya
0,0,1,0,0,0,0,0,0,0,0,0,4.96341,95.72175,Aceh Jaya
0,0,1,0,0,0,0,0,0,0,0,0,4.97028,95.75779,Aceh Jaya
0,0,1,0,0,0,0,0,0,0,0,0,4.90197,95.93904,Aceh Jaya
0,0,0,0,0,0,0,0,0,0,0,1,4.93234,96.99422,Bener Meriah
0,0,0,0,0,0,0,0,0,1,0,0,4.92201,96.99612,Bener Meriah
0,0,0,0,0,0,0,0,0,0,1,0,4.85478,96.99461,Bener Meriah
0,0,0,0,0,0,0,0,1,0,0,0,4.95976,96.99303,Bener Meriah
0,0,0,0,0,0,0,0,0,0,0,1,4.99905,96.9945,Bener Meriah
0,0,0,0,0,0,0,0,0,0,1,0,4.90439,96.99576,Bener Meriah
0,0,0,0,1,0,0,0,0,0,0,0,4.97507,96.9972,Bener Meriah
1,0,0,0,0,0,0,0,0,0,0,0,4.85332,96.99763,Bener Meriah
1,0,0,0,0,0,0,0,0,0,0,0,4.79774,96.99981,Bener Meriah
0,0,0,0,0,0,0,0,0,0,0,1,5.5495,96.24277,Pidie Jaya
0,1,0,0,0,0,0,0,0,0,0,0,5.26692,96.75292,Pidie Jaya
0,0,1,0,0,0,0,0,0,0,0,0,5.27841,96.88986,Pidie Jaya
0,0,0,0,1,0,0,0,0,0,0,0,5.88039,96.68849,Pidie Jaya
0,0,0,0,0,0,0,0,0,0,1,0,5.55519,96.50027,Pidie Jaya
0,0,0,0,0,0,0,0,0,0,1,0,5.104782,96.195215,Pidie Jaya
0,0,0,0,0,0,0,0,1,0,0,0,5.2327384,96.2601989,Pidie Jaya
0,0,0,0,1,0,0,0,0,0,0,0,5.483,96.6099,Pidie Jaya
0,0,0,0,1,0,0,0,0,0,0,0,5.42629,96.7562,Pidie Jaya
0,0,0,1,0,0,0,0,0,0,0,0,5.35189,96.47101,Pidie Jaya
0,1,0,0,0,0,0,0,0,0,0,0,5.98575,96.97063,Pidie Jaya
0,0,0,1,0,0,0,0,0,0,0,0,5.92801,96.68096,Pidie Jaya
1,0,0,0,0,0,0,0,0,0,0,0,5.66402,96.67322,Pidie Jaya
0,0,0,0,0,0,0,0,1,0,0,0,5.90926,95.62636,Kota Banda Aceh
1,0,0,0,0,0,0,0,0,0,0,0,5.84395,95.60419,Kota Banda Aceh
0,1,0,0,0,0,0,0,0,0,0,0,5.70661,95.87973,Kota Banda Aceh
0,0,0,0,1,0,0,0,0,0,0,0,5.78762,95.83674,Kota Banda Aceh
0,0,0,0,0,0,0,1,0,0,0,0,5.547305143,95.28543739,Kota Banda Aceh
1,0,0,0,0,0,0,0,0,0,0,0,5.99792,95.50281,Kota Sabang
0,0,0,0,0,0,0,0,0,0,0,1,5.87501,95.46185,Kota Sabang
0,0,0,0,0,0,0,1,0,0,0,0,5.8926053,95.3237608,Kota Sabang
0,0,0,1,0,0,0,0,0,0,0,0,5.85583,95.30086,Kota Sabang
0,0,1,0,0,0,0,0,0,0,0,0,4.481954,97.97353,Kota Langsa
0,0,0,0,0,0,0,0,0,0,0,1,4.50627,97.99239,Kota Langsa
1,0,0,0,0,0,0,0,0,0,0,0,4.90188,97.99452,Kota Langsa
0,0,0,0,0,0,0,0,0,1,0,0,4.59855,97.99351,Kota Langsa
0,0,0,0,0,0,0,0,0,0,0,1,4.68902,97.98637,Kota Langsa
0,1,0,0,0,0,0,0,0,0,0,0,4.84078,97.9946,Kota Langsa
1,0,0,0,0,0,0,0,0,0,0,0,4.60286,97.98091,Kota Langsa
0,0,0,0,0,0,0,0,1,0,0,0,4.492407,97.955654,Kota Langsa
0,0,0,0,0,0,0,0,0,0,0,1,4.86431,97.98009,Kota Langsa
0,0,0,0,0,0,0,0,0,0,1,0,4.83716,97.99041,Kota Langsa
0,0,0,0,0,0,0,0,0,0,1,0,4.93458,97.99256,Kota Langsa
1,0,0,0,0,0,0,0,0,0,0,0,4.91198,97.97754,Kota Langsa
1,0,0,0,0,0,0,0,0,0,0,0,4.94639,97.98691,Kota Langsa
1,0,0,0,0,0,0,0,0,0,0,0,4.71618,97.97837,Kota Langsa
1,0,0,0,0,0,0,0,0,0,0,0,4.94724,97.99097,Kota Langsa
0,0,0,0,0,0,0,0,0,1,0,0,5.76699,97.17574,Kota Lhokseumawe
0,0,0,0,0,0,1,0,0,0,0,0,5.16177,97.10268,Kota Lhokseumawe
0,0,0,0,0,0,0,0,0,0,0,1,5.56947,97.55719,Kota Lhokseumawe
0,0,0,0,0,0,0,0,0,0,0,1,5.58666,97.7262,Kota Lhokseumawe
0,0,0,1,0,0,0,0,0,0,0,0,5.20426,97.88909,Kota Lhokseumawe
0,0,0,0,0,0,0,1,0,0,0,0,5.20321,97.83053,Kota Lhokseumawe
0,0,0,0,0,0,0,0,0,0,0,1,5.25758,97.41576,Kota Lhokseumawe
0,0,0,0,0,0,0,0,0,0,0,1,5.24614,97.29747,Kota Lhokseumawe
0,0,0,0,1,0,0,0,0,0,0,0,5.26796,97.99944,Kota Lhokseumawe
0,0,0,0,1,0,0,0,0,0,0,0,5.85854,97.50472,Kota Lhokseumawe
0,0,0,0,1,0,0,0,0,0,0,0,5.76307,97.48089,Kota Lhokseumawe
0,0,0,0,1,0,0,0,0,0,0,0,5.72263,97.90461,Kota Lhokseumawe
1,0,0,0,0,0,0,0,0,0,0,0,5.76497,97.8094,Kota Lhokseumawe
0,0,0,1,0,0,0,0,0,0,0,0,2.757226,97.941666,Kota Subulussalam
0,0,0,0,0,0,0,0,0,0,1,0,2.8104,97.99956,Kota Subulussalam
0,0,0,0,0,0,0,0,0,1,0,0,2.83735,97.98321,Kota Subulussalam
0,0,0,0,0,0,0,0,0,0,1,0,2.82431,97.96966,Kota Subulussalam
0,0,0,0,0,1,0,0,0,0,0,0,2.84139,97.96116,Kota Subulussalam
0,0,0,1,0,0,0,0,0,0,0,0,2.99139,97.95758,Kota Subulussalam
0,1,0,0,0,0,0,0,0,0,0,0,2.89332,97.97335,Kota Subulussalam
1,0,0,0,0,0,0,0,0,0,0,0,2.97559,97.99444,Kota Subulussalam
1,0,0,0,0,0,0,0,0,0,0,0,2.81055,97.97838,Kota Subulussalam
0,0,0,0,0,0,0,0,0,0,0,1,2.8214,97.96349,Kota Subulussalam
0,0,0,0,0,0,0,0,0,1,0,0,2.91906,97.98367,Kota Subulussalam
0,0,0,0,0,0,0,0,1,0,0,0,2.92555,97.98517,Kota Subulussalam
1,0,0,0,0,0,0,0,0,0,0,0,2.9597,97.98879,Kota Subulussalam
1,0,0,0,0,0,0,0,0,0,0,0,2.89884,97.97625,Kota Subulussalam
0,0,0,0,0,0,0,0,0,0,1,0,2.670542,97.993061,Kota Subulussalam
1,0,0,0,0,0,0,0,0,0,0,0,2.78034,97.9884,Kota Subulussalam
0,0,0,0,0,0,0,0,0,0,0,1,2.88624,97.97799,Kota Subulussalam
0,0,0,0,0,0,0,0,0,0,0,1,2.78851,97.99786,Kota Subulussalam
0,0,0,0,0,0,0,0,0,0,0,1,2.86572,97.99812,Kota Subulussalam
0,0,0,0,0,0,0,0,0,0,0,1,2.76475,97.96249,Kota Subulussalam
0,0,0,0,0,0,0,0,0,0,1,0,2.93293,97.94178,Kota Subulussalam
0,0,0,0,0,0,0,0,0,1,0,0,2.99422,97.94632,Kota Subulussalam
0,0,0,0,0,0,0,0,0,0,0,1,2.86988,97.97134,Kota Subulussalam
0,0,0,0,0,0,1,0,0,0,0,0,2.99871,97.97275,Kota Subulussalam
1,0,0,0,0,0,0,0,0,0,0,0,2.92813,97.9651,Kota Subulussalam